true_eta,scheme,prior_family,prior_strength,eta,posterior_weight
0.0,aggregate_daily,half_normal,weak,0.0,0.1826356197909384
0.0,aggregate_daily,half_normal,weak,0.25,0.11325642128366295
0.0,aggregate_daily,half_normal,weak,0.5,0.1098961419421021
0.0,aggregate_daily,half_normal,weak,0.75,0.12191405271946316
0.0,aggregate_daily,half_normal,weak,1.0,0.08460675078830998
0.0,aggregate_daily,half_normal,weak,1.25,0.10859049139043614
0.0,aggregate_daily,half_normal,weak,1.5,0.0005908232631497769
0.0,aggregate_daily,half_normal,weak,1.75,9.719879241002682e-5
0.0,aggregate_daily,half_normal,weak,2.0,0.04836207281388481
0.0,aggregate_daily,half_normal,weak,2.25,0.057962525578364406
0.0,aggregate_daily,half_normal,weak,2.5,0.04714804487681986
0.0,aggregate_daily,half_normal,weak,2.75,0.045224547875302466
0.0,aggregate_daily,half_normal,weak,3.0,0.06666672331724222
0.0,aggregate_daily,half_normal,weak,3.25,0.012325746380170555
0.0,aggregate_daily,half_normal,weak,3.5,0.000722839187743163
0.0,aggregate_daily,half_normal,moderate,0.0,0.20707909006918424
0.0,aggregate_daily,half_normal,moderate,0.25,0.13446692726200618
0.0,aggregate_daily,half_normal,moderate,0.5,0.12495888290227802
0.0,aggregate_daily,half_normal,moderate,0.75,0.13433025019894548
0.0,aggregate_daily,half_normal,moderate,1.0,0.10065057694112009
0.0,aggregate_daily,half_normal,moderate,1.25,0.0986725347084334
0.0,aggregate_daily,half_normal,moderate,1.5,0.0004362387092609065
0.0,aggregate_daily,half_normal,moderate,1.75,0.00010169149581167028
0.0,aggregate_daily,half_normal,moderate,2.0,0.03663818107358536
0.0,aggregate_daily,half_normal,moderate,2.25,0.03489623336719346
0.0,aggregate_daily,half_normal,moderate,2.5,0.02441397809875441
0.0,aggregate_daily,half_normal,moderate,2.75,0.030166240335177518
0.0,aggregate_daily,half_normal,moderate,3.0,0.0666667029834907
0.0,aggregate_daily,half_normal,moderate,3.25,0.006273781713690319
0.0,aggregate_daily,half_normal,moderate,3.5,0.00024869014106818966
0.0,aggregate_daily,half_normal,strong,0.0,0.27374935689254737
0.0,aggregate_daily,half_normal,strong,0.25,0.18866249968823176
0.0,aggregate_daily,half_normal,strong,0.5,0.15332055112200926
0.0,aggregate_daily,half_normal,strong,0.75,0.13777260801815924
0.0,aggregate_daily,half_normal,strong,1.0,0.11908093150734143
0.0,aggregate_daily,half_normal,strong,1.25,0.04979434502366964
0.0,aggregate_daily,half_normal,strong,1.5,0.00011494232097787487
0.0,aggregate_daily,half_normal,strong,1.75,7.888124503671948e-5
0.0,aggregate_daily,half_normal,strong,2.0,0.0061939764478296695
0.0,aggregate_daily,half_normal,strong,2.25,0.0023047308302376517
0.0,aggregate_daily,half_normal,strong,2.5,0.000767881947610978
0.0,aggregate_daily,half_normal,strong,2.75,0.0014408123681453994
0.0,aggregate_daily,half_normal,strong,3.0,0.06666666752274976
0.0,aggregate_daily,half_normal,strong,3.25,5.126359318046902e-5
0.0,aggregate_daily,half_normal,strong,3.5,5.514722728678792e-7
0.0,aggregate_daily,exponential,weak,0.0,0.21121242204665805
0.0,aggregate_daily,exponential,weak,0.25,0.12725843560135325
0.0,aggregate_daily,exponential,weak,0.5,0.11427522564403123
0.0,aggregate_daily,exponential,weak,0.75,0.12018251719048643
0.0,aggregate_daily,exponential,weak,1.0,0.08422704540630717
0.0,aggregate_daily,exponential,weak,1.25,0.09451059172422703
0.0,aggregate_daily,exponential,weak,1.5,0.00044382304370874066
0.0,aggregate_daily,exponential,weak,1.75,8.194211681371382e-5
0.0,aggregate_daily,exponential,weak,2.0,0.04093864774360826
0.0,aggregate_daily,exponential,weak,2.25,0.04786392366596771
0.0,aggregate_daily,exponential,weak,2.5,0.039045243537555306
0.0,aggregate_daily,exponential,weak,2.75,0.04088499694361403
0.0,aggregate_daily,exponential,weak,3.0,0.06666671836091784
0.0,aggregate_daily,exponential,weak,3.25,0.011717939569859153
0.0,aggregate_daily,exponential,weak,3.5,0.000690527404892056
0.0,aggregate_daily,exponential,moderate,0.0,0.289069732190034
0.0,aggregate_daily,exponential,moderate,0.25,0.16604194073968478
0.0,aggregate_daily,exponential,moderate,0.5,0.12563949864368185
0.0,aggregate_daily,exponential,moderate,0.75,0.11474097701492444
0.0,aggregate_daily,exponential,moderate,1.0,0.08702341277835424
0.0,aggregate_daily,exponential,moderate,1.25,0.06132652816745122
0.0,aggregate_daily,exponential,moderate,1.5,0.00019362227016080457
0.0,aggregate_daily,exponential,moderate,1.75,7.157274606667334e-5
0.0,aggregate_daily,exponential,moderate,2.0,0.02137955345311868
0.0,aggregate_daily,exponential,moderate,2.25,0.020647965415719567
0.0,aggregate_daily,exponential,moderate,2.5,0.015052990458740192
0.0,aggregate_daily,exponential,moderate,2.75,0.025288989155145995
0.0,aggregate_daily,exponential,moderate,3.0,0.06666670092241939
0.0,aggregate_daily,exponential,moderate,3.25,0.0065662565420147945
0.0,aggregate_daily,exponential,moderate,3.5,0.0002902595024834074
0.0,aggregate_daily,exponential,strong,0.0,0.3932014692037261
0.0,aggregate_daily,exponential,strong,0.25,0.20081093237654915
0.0,aggregate_daily,exponential,strong,0.5,0.12129921227081288
0.0,aggregate_daily,exponential,strong,0.75,0.08724059420634012
0.0,aggregate_daily,exponential,strong,1.0,0.0783827310956605
0.0,aggregate_daily,exponential,strong,1.25,0.02646763124577277
0.0,aggregate_daily,exponential,strong,1.5,5.0345752327807474e-5
0.0,aggregate_daily,exponential,strong,1.75,7.074559900250508e-5
0.0,aggregate_daily,exponential,strong,2.0,0.00697611755214171
0.0,aggregate_daily,exponential,strong,2.25,0.004424251474962051
0.0,aggregate_daily,exponential,strong,2.5,0.0025830609260965123
0.0,aggregate_daily,exponential,strong,2.75,0.00991943140455495
0.0,aggregate_daily,exponential,strong,3.0,0.06666667950674605
0.0,aggregate_daily,exponential,strong,3.25,0.0018517808776036789
0.0,aggregate_daily,exponential,strong,3.5,5.50165077031287e-5
0.0,aggregate_daily,spike_slab,weak,0.0,0.3487574620763382
0.0,aggregate_daily,spike_slab,weak,0.25,0.09106263965013733
0.0,aggregate_daily,spike_slab,weak,0.5,0.08752219782540359
0.0,aggregate_daily,spike_slab,weak,0.75,0.0970741269661586
0.0,aggregate_daily,spike_slab,weak,1.0,0.08044042752644529
0.0,aggregate_daily,spike_slab,weak,1.25,0.07539744620242227
0.0,aggregate_daily,spike_slab,weak,1.5,0.00024220486262591857
0.0,aggregate_daily,spike_slab,weak,1.75,7.067907636655737e-5
0.0,aggregate_daily,spike_slab,weak,2.0,0.0335958457956882
0.0,aggregate_daily,spike_slab,weak,2.25,0.04095372348461763
0.0,aggregate_daily,spike_slab,weak,2.5,0.03160439375992428
0.0,aggregate_daily,spike_slab,weak,2.75,0.03704913406297703
0.0,aggregate_daily,spike_slab,weak,3.0,0.06666671025673111
0.0,aggregate_daily,spike_slab,weak,3.25,0.009096968688316078
0.0,aggregate_daily,spike_slab,weak,3.5,0.0004660397658478681
0.0,aggregate_daily,spike_slab,moderate,0.0,0.5335734609372721
0.0,aggregate_daily,spike_slab,moderate,0.25,0.05536097347538428
0.0,aggregate_daily,spike_slab,moderate,0.5,0.055107282095791445
0.0,aggregate_daily,spike_slab,moderate,0.75,0.06129561477947025
0.0,aggregate_daily,spike_slab,moderate,1.0,0.06239074719442619
0.0,aggregate_daily,spike_slab,moderate,1.25,0.04363575886410183
0.0,aggregate_daily,spike_slab,moderate,1.5,9.618299881067537e-5
0.0,aggregate_daily,spike_slab,moderate,1.75,5.4197086474224255e-5
0.0,aggregate_daily,spike_slab,moderate,2.0,0.02286286112993679
0.0,aggregate_daily,spike_slab,moderate,2.25,0.030894550964566732
0.0,aggregate_daily,spike_slab,moderate,2.5,0.02428974277066938
0.0,aggregate_daily,spike_slab,moderate,2.75,0.03457156886452816
0.0,aggregate_daily,spike_slab,moderate,3.0,0.06666670830225095
0.0,aggregate_daily,spike_slab,moderate,3.25,0.00874591892042888
0.0,aggregate_daily,spike_slab,moderate,3.5,0.00045443161588821064
0.0,aggregate_daily,spike_slab,strong,0.0,0.6924248362772321
0.0,aggregate_daily,spike_slab,strong,0.25,0.027697879769813607
0.0,aggregate_daily,spike_slab,strong,0.5,0.028991156068736135
0.0,aggregate_daily,spike_slab,strong,0.75,0.03193893704502569
0.0,aggregate_daily,spike_slab,strong,1.0,0.0416037363942642
0.0,aggregate_daily,spike_slab,strong,1.25,0.020881003048684323
0.0,aggregate_daily,spike_slab,strong,1.5,3.530505944299828e-5
0.0,aggregate_daily,spike_slab,strong,1.75,4.479268376873014e-5
0.0,aggregate_daily,spike_slab,strong,2.0,0.01413618255353909
0.0,aggregate_daily,spike_slab,strong,2.25,0.019812833108537525
0.0,aggregate_daily,spike_slab,strong,2.5,0.01607134831531797
0.0,aggregate_daily,spike_slab,strong,2.75,0.030836466099942842
0.0,aggregate_daily,spike_slab,strong,3.0,0.06666670739263335
0.0,aggregate_daily,spike_slab,strong,3.25,0.008430310219947855
0.0,aggregate_daily,spike_slab,strong,3.5,0.0004285059631134641
0.0,aggregate_weekly,half_normal,weak,0.0,0.15811668157857228
0.0,aggregate_weekly,half_normal,weak,0.25,0.1034373225048641
0.0,aggregate_weekly,half_normal,weak,0.5,0.12985911304684788
0.0,aggregate_weekly,half_normal,weak,0.75,0.12865460816390567
0.0,aggregate_weekly,half_normal,weak,1.0,0.08254784646414928
0.0,aggregate_weekly,half_normal,weak,1.25,0.13166830549842876
0.0,aggregate_weekly,half_normal,weak,1.5,0.00013386343394242435
0.0,aggregate_weekly,half_normal,weak,1.75,5.227118370049014e-5
0.0,aggregate_weekly,half_normal,weak,2.0,0.03983767746769653
0.0,aggregate_weekly,half_normal,weak,2.25,0.05853449069254813
0.0,aggregate_weekly,half_normal,weak,2.5,0.04863719820854969
0.0,aggregate_weekly,half_normal,weak,2.75,0.04031557276186131
0.0,aggregate_weekly,half_normal,weak,3.0,0.06666687508150212
0.0,aggregate_weekly,half_normal,weak,3.25,0.00920212855207494
0.0,aggregate_weekly,half_normal,weak,3.5,0.0023360453613564423
0.0,aggregate_weekly,half_normal,moderate,0.0,0.18656818544948908
0.0,aggregate_weekly,half_normal,moderate,0.25,0.11928330992632036
0.0,aggregate_weekly,half_normal,moderate,0.5,0.14489097836083126
0.0,aggregate_weekly,half_normal,moderate,0.75,0.13786742654827602
0.0,aggregate_weekly,half_normal,moderate,1.0,0.09890827083729793
0.0,aggregate_weekly,half_normal,moderate,1.25,0.12005554749640185
0.0,aggregate_weekly,half_normal,moderate,1.5,0.00011381959628353584
0.0,aggregate_weekly,half_normal,moderate,1.75,6.991716846412751e-5
0.0,aggregate_weekly,half_normal,moderate,2.0,0.02890773804177992
0.0,aggregate_weekly,half_normal,moderate,2.25,0.035924327148203254
0.0,aggregate_weekly,half_normal,moderate,2.5,0.029062675612965404
0.0,aggregate_weekly,half_normal,moderate,2.75,0.026592404655592594
0.0,aggregate_weekly,half_normal,moderate,3.0,0.06666679350493991
0.0,aggregate_weekly,half_normal,moderate,3.25,0.00439066576999005
0.0,aggregate_weekly,half_normal,moderate,3.5,0.0006979398831647485
0.0,aggregate_weekly,half_normal,strong,0.0,0.26683146422559567
0.0,aggregate_weekly,half_normal,strong,0.25,0.16288918016438653
0.0,aggregate_weekly,half_normal,strong,0.5,0.17614502514308938
0.0,aggregate_weekly,half_normal,strong,0.75,0.1388264904143891
0.0,aggregate_weekly,half_normal,strong,1.0,0.11722471258908751
0.0,aggregate_weekly,half_normal,strong,1.25,0.061611532774645296
0.0,aggregate_weekly,half_normal,strong,1.5,3.843829334439898e-5
0.0,aggregate_weekly,half_normal,strong,1.75,5.314347861391435e-5
0.0,aggregate_weekly,half_normal,strong,2.0,0.004960666829171461
0.0,aggregate_weekly,half_normal,strong,2.25,0.0025284150575439136
0.0,aggregate_weekly,half_normal,strong,2.5,0.0012417806307405909
0.0,aggregate_weekly,half_normal,strong,2.75,0.0009566869926754179
0.0,aggregate_weekly,half_normal,strong,3.0,0.06666579845125857
0.0,aggregate_weekly,half_normal,strong,3.25,2.5694464353457017e-5
0.0,aggregate_weekly,half_normal,strong,3.5,9.704911046748726e-7
0.0,aggregate_weekly,exponential,weak,0.0,0.1900351680424939
0.0,aggregate_weekly,exponential,weak,0.25,0.11491898484717217
0.0,aggregate_weekly,exponential,weak,0.5,0.13475895702276988
0.0,aggregate_weekly,exponential,weak,0.75,0.12597669489955543
0.0,aggregate_weekly,exponential,weak,1.0,0.08168480819204677
0.0,aggregate_weekly,exponential,weak,1.25,0.11517756823480813
0.0,aggregate_weekly,exponential,weak,1.5,0.00011313718772799065
0.0,aggregate_weekly,exponential,weak,1.75,4.957695066347032e-5
0.0,aggregate_weekly,exponential,weak,2.0,0.03274901153678623
0.0,aggregate_weekly,exponential,weak,2.25,0.048331166553001854
0.0,aggregate_weekly,exponential,weak,2.5,0.04194264947779822
0.0,aggregate_weekly,exponential,weak,2.75,0.03666117771685758
0.0,aggregate_weekly,exponential,weak,3.0,0.06666686644036819
0.0,aggregate_weekly,exponential,weak,3.25,0.008743452929014775
0.0,aggregate_weekly,exponential,weak,3.5,0.0021907799689354587
0.0,aggregate_weekly,exponential,moderate,0.0,0.2799099440214036
0.0,aggregate_weekly,exponential,moderate,0.25,0.14535419033733213
0.0,aggregate_weekly,exponential,moderate,0.5,0.14619097921988017
0.0,aggregate_weekly,exponential,moderate,0.75,0.1171480108413736
0.0,aggregate_weekly,exponential,moderate,1.0,0.08448809330535757
0.0,aggregate_weekly,exponential,moderate,1.25,0.07493047140161016
0.0,aggregate_weekly,exponential,moderate,1.5,6.355574405412572e-5
0.0,aggregate_weekly,exponential,moderate,1.75,5.6791018643083576e-5
0.0,aggregate_weekly,exponential,moderate,2.0,0.016759857755248377
0.0,aggregate_weekly,exponential,moderate,2.25,0.021244336016785628
0.0,aggregate_weekly,exponential,moderate,2.5,0.019703805419830023
0.0,aggregate_weekly,exponential,moderate,2.75,0.022132947247832983
0.0,aggregate_weekly,exponential,moderate,3.0,0.0666667895666843
0.0,aggregate_weekly,exponential,moderate,3.25,0.00457518812402554
0.0,aggregate_weekly,exponential,moderate,3.5,0.0007750399799387001
0.0,aggregate_weekly,exponential,strong,0.0,0.4049437655139384
0.0,aggregate_weekly,exponential,strong,0.25,0.17240527736439143
0.0,aggregate_weekly,exponential,strong,0.5,0.13909557779136292
0.0,aggregate_weekly,exponential,strong,0.75,0.08729577496920826
0.0,aggregate_weekly,exponential,strong,1.0,0.07474451115908365
0.0,aggregate_weekly,exponential,strong,1.25,0.03196009960673906
0.0,aggregate_weekly,exponential,strong,1.5,2.0721882333435634e-5
0.0,aggregate_weekly,exponential,strong,1.75,5.3870420502701985e-5
0.0,aggregate_weekly,exponential,strong,2.0,0.005954714797666149
0.0,aggregate_weekly,exponential,strong,2.25,0.0044891399187817855
0.0,aggregate_weekly,exponential,strong,2.5,0.0040168923442781244
0.0,aggregate_weekly,exponential,strong,2.75,0.007206094293377037
0.0,aggregate_weekly,exponential,strong,3.0,0.06666665686232993
0.0,aggregate_weekly,exponential,strong,3.25,0.0010463532240962193
0.0,aggregate_weekly,exponential,strong,3.5,0.0001005498519107962
0.0,aggregate_weekly,spike_slab,weak,0.0,0.3399528094782341
0.0,aggregate_weekly,spike_slab,weak,0.25,0.08175711946415533
0.0,aggregate_weekly,spike_slab,weak,0.5,0.10487053274040713
0.0,aggregate_weekly,spike_slab,weak,0.75,0.10133117612689373
0.0,aggregate_weekly,spike_slab,weak,1.0,0.07493961539363213
0.0,aggregate_weekly,spike_slab,weak,1.25,0.0904744144793989
0.0,aggregate_weekly,spike_slab,weak,1.5,8.319369195310515e-5
0.0,aggregate_weekly,spike_slab,weak,1.75,5.2343882692021225e-5
0.0,aggregate_weekly,spike_slab,weak,2.0,0.02536429009385534
0.0,aggregate_weekly,spike_slab,weak,2.25,0.039114912118378
0.0,aggregate_weekly,spike_slab,weak,2.5,0.03467844955206433
0.0,aggregate_weekly,spike_slab,weak,2.75,0.03258446823770073
0.0,aggregate_weekly,spike_slab,weak,3.0,0.06666684174267141
0.0,aggregate_weekly,spike_slab,weak,3.25,0.006747551169048188
0.0,aggregate_weekly,spike_slab,weak,3.5,0.0013822818289154762
0.0,aggregate_weekly,spike_slab,moderate,0.0,0.5486766286620974
0.0,aggregate_weekly,spike_slab,moderate,0.25,0.04792712668419355
0.0,aggregate_weekly,spike_slab,moderate,0.5,0.06440773549215219
0.0,aggregate_weekly,spike_slab,moderate,0.75,0.06174839924773978
0.0,aggregate_weekly,spike_slab,moderate,1.0,0.05273181622387448
0.0,aggregate_weekly,spike_slab,moderate,1.25,0.05104132035641671
0.0,aggregate_weekly,spike_slab,moderate,1.5,4.3709820100109226e-5
0.0,aggregate_weekly,spike_slab,moderate,1.75,4.586427933915914e-5
0.0,aggregate_weekly,spike_slab,moderate,2.0,0.016135206293391678
0.0,aggregate_weekly,spike_slab,moderate,2.25,0.026618159425753667
0.0,aggregate_weekly,spike_slab,moderate,2.5,0.026710801702476028
0.0,aggregate_weekly,spike_slab,moderate,2.75,0.02947700099859942
0.0,aggregate_weekly,spike_slab,moderate,3.0,0.06666684016197791
0.0,aggregate_weekly,spike_slab,moderate,3.25,0.006519513990143507
0.0,aggregate_weekly,spike_slab,moderate,3.5,0.001249876661744195
0.0,aggregate_weekly,spike_slab,strong,0.0,0.7220162614932619
0.0,aggregate_weekly,spike_slab,strong,0.25,0.02228091639682048
0.0,aggregate_weekly,spike_slab,strong,0.5,0.0311389374512415
0.0,aggregate_weekly,spike_slab,strong,0.75,0.029609743518386928
0.0,aggregate_weekly,spike_slab,strong,1.0,0.030655947834982936
0.0,aggregate_weekly,spike_slab,strong,1.25,0.023127762870524923
0.0,aggregate_weekly,spike_slab,strong,1.5,1.8963762721274646e-5
0.0,aggregate_weekly,spike_slab,strong,1.75,4.1368837200146e-5
0.0,aggregate_weekly,spike_slab,strong,2.0,0.009550501583700988
0.0,aggregate_weekly,spike_slab,strong,2.25,0.014818566313264224
0.0,aggregate_weekly,spike_slab,strong,2.5,0.01721367989097976
0.0,aggregate_weekly,spike_slab,strong,2.75,0.02558254048983547
0.0,aggregate_weekly,spike_slab,strong,3.0,0.06666683920502516
0.0,aggregate_weekly,spike_slab,strong,3.25,0.006251785910467619
0.0,aggregate_weekly,spike_slab,strong,3.5,0.0010261844415866354
0.0,aggregate_monthly,half_normal,weak,0.0,0.1594100041216769
0.0,aggregate_monthly,half_normal,weak,0.25,0.1170214818942976
0.0,aggregate_monthly,half_normal,weak,0.5,0.10387091585160484
0.0,aggregate_monthly,half_normal,weak,0.75,0.2155959815259106
0.0,aggregate_monthly,half_normal,weak,1.0,0.024789418118291533
0.0,aggregate_monthly,half_normal,weak,1.25,0.13228974631535978
0.0,aggregate_monthly,half_normal,weak,1.5,0.03263540796477801
0.0,aggregate_monthly,half_normal,weak,1.75,0.0007788641552157008
0.0,aggregate_monthly,half_normal,weak,2.0,0.019931560001736306
0.0,aggregate_monthly,half_normal,weak,2.25,0.056266091260404674
0.0,aggregate_monthly,half_normal,weak,2.5,0.061798977583559095
0.0,aggregate_monthly,half_normal,weak,2.75,0.011234436347988002
0.0,aggregate_monthly,half_normal,weak,3.0,0.033358206064055554
0.0,aggregate_monthly,half_normal,weak,3.25,0.0021999017972744754
0.0,aggregate_monthly,half_normal,weak,3.5,0.028819006997846893
0.0,aggregate_monthly,half_normal,moderate,0.0,0.1883461869940633
0.0,aggregate_monthly,half_normal,moderate,0.25,0.1371869752498086
0.0,aggregate_monthly,half_normal,moderate,0.5,0.11702516132233785
0.0,aggregate_monthly,half_normal,moderate,0.75,0.23168139714898447
0.0,aggregate_monthly,half_normal,moderate,1.0,0.03355227756616122
0.0,aggregate_monthly,half_normal,moderate,1.25,0.12048074892147533
0.0,aggregate_monthly,half_normal,moderate,1.5,0.0327330719869408
0.0,aggregate_monthly,half_normal,moderate,1.75,0.0007682950201384257
0.0,aggregate_monthly,half_normal,moderate,2.0,0.01677916184552317
0.0,aggregate_monthly,half_normal,moderate,2.25,0.03151707007902664
0.0,aggregate_monthly,half_normal,moderate,2.5,0.03089716443189879
0.0,aggregate_monthly,half_normal,moderate,2.75,0.009366845506751466
0.0,aggregate_monthly,half_normal,moderate,3.0,0.03334143837634296
0.0,aggregate_monthly,half_normal,moderate,3.25,0.0013774124768925465
0.0,aggregate_monthly,half_normal,moderate,3.5,0.014946793073654426
0.0,aggregate_monthly,half_normal,strong,0.0,0.26307688943417334
0.0,aggregate_monthly,half_normal,strong,0.25,0.1873026155638379
0.0,aggregate_monthly,half_normal,strong,0.5,0.1373740242880976
0.0,aggregate_monthly,half_normal,strong,0.75,0.2210097457927775
0.0,aggregate_monthly,half_normal,strong,1.0,0.05718210692269186
0.0,aggregate_monthly,half_normal,strong,1.25,0.05947679348207067
0.0,aggregate_monthly,half_normal,strong,1.5,0.032977075917331664
0.0,aggregate_monthly,half_normal,strong,1.75,0.000504951690480199
0.0,aggregate_monthly,half_normal,strong,2.0,0.004288048315689418
0.0,aggregate_monthly,half_normal,strong,2.25,0.0019969011664788755
0.0,aggregate_monthly,half_normal,strong,2.5,0.001045828604918785
0.0,aggregate_monthly,half_normal,strong,2.75,0.0003908093045606624
0.0,aggregate_monthly,half_normal,strong,3.0,0.03333342415384367
0.0,aggregate_monthly,half_normal,strong,3.25,8.826244905419588e-6
0.0,aggregate_monthly,half_normal,strong,3.5,3.195911814240565e-5
0.0,aggregate_monthly,exponential,weak,0.0,0.1934692292795797
0.0,aggregate_monthly,exponential,weak,0.25,0.13109547636277427
0.0,aggregate_monthly,exponential,weak,0.5,0.1079750579322132
0.0,aggregate_monthly,exponential,weak,0.75,0.21082887228993435
0.0,aggregate_monthly,exponential,weak,1.0,0.024237832782439003
0.0,aggregate_monthly,exponential,weak,1.25,0.11592827264784995
0.0,aggregate_monthly,exponential,weak,1.5,0.03265735906381875
0.0,aggregate_monthly,exponential,weak,1.75,0.000753156685676186
0.0,aggregate_monthly,exponential,weak,2.0,0.016484531587458096
0.0,aggregate_monthly,exponential,weak,2.25,0.04414066700554646
0.0,aggregate_monthly,exponential,weak,2.5,0.04895124686273859
0.0,aggregate_monthly,exponential,weak,2.75,0.010004260666764384
0.0,aggregate_monthly,exponential,weak,3.0,0.03335541298457243
0.0,aggregate_monthly,exponential,weak,3.25,0.0020509403850334923
0.0,aggregate_monthly,exponential,weak,3.5,0.028067683463601036
0.0,aggregate_monthly,exponential,moderate,0.0,0.2882605268052584
0.0,aggregate_monthly,exponential,moderate,0.25,0.16642698246085413
0.0,aggregate_monthly,exponential,moderate,0.5,0.11433170037844606
0.0,aggregate_monthly,exponential,moderate,0.75,0.18956804418597295
0.0,aggregate_monthly,exponential,moderate,1.0,0.02898322287264417
0.0,aggregate_monthly,exponential,moderate,1.25,0.07480978106970329
0.0,aggregate_monthly,exponential,moderate,1.5,0.03276006132417703
0.0,aggregate_monthly,exponential,moderate,1.75,0.0006991498786201725
0.0,aggregate_monthly,exponential,moderate,2.0,0.010401934520048653
0.0,aggregate_monthly,exponential,moderate,2.25,0.01713825306662135
0.0,aggregate_monthly,exponential,moderate,2.5,0.018179824093467887
0.0,aggregate_monthly,exponential,moderate,2.75,0.007325513067528986
0.0,aggregate_monthly,exponential,moderate,3.0,0.0333414477067642
0.0,aggregate_monthly,exponential,moderate,3.25,0.0013161073728531103
0.0,aggregate_monthly,exponential,moderate,3.5,0.016457451197039594
0.0,aggregate_monthly,exponential,strong,0.0,0.42079994019437733
0.0,aggregate_monthly,exponential,strong,0.25,0.193241199999845
0.0,aggregate_monthly,exponential,strong,0.5,0.10136994975053445
0.0,aggregate_monthly,exponential,strong,0.75,0.12982259122321063
0.0,aggregate_monthly,exponential,strong,1.0,0.037641685837326806
0.0,aggregate_monthly,exponential,strong,1.25,0.03134300630593488
0.0,aggregate_monthly,exponential,strong,1.5,0.03288125273429727
0.0,aggregate_monthly,exponential,strong,1.75,0.0006009471816079809
0.0,aggregate_monthly,exponential,strong,2.0,0.005710895101007669
0.0,aggregate_monthly,exponential,strong,2.25,0.0033356850037680645
0.0,aggregate_monthly,exponential,strong,2.5,0.0030872791476072373
0.0,aggregate_monthly,exponential,strong,2.75,0.0029439528586759564
0.0,aggregate_monthly,exponential,strong,3.0,0.03333515204324627
0.0,aggregate_monthly,exponential,strong,3.25,0.0003584917198945873
0.0,aggregate_monthly,exponential,strong,3.5,0.003527970898665941
0.0,aggregate_monthly,spike_slab,weak,0.0,0.36621437423465875
0.0,aggregate_monthly,spike_slab,weak,0.25,0.091823441847701
0.0,aggregate_monthly,spike_slab,weak,0.5,0.08013172556149063
0.0,aggregate_monthly,spike_slab,weak,0.75,0.16144698389938603
0.0,aggregate_monthly,spike_slab,weak,1.0,0.022220286165032906
0.0,aggregate_monthly,spike_slab,weak,1.25,0.09272369162486234
0.0,aggregate_monthly,spike_slab,weak,1.5,0.03266961820991665
0.0,aggregate_monthly,spike_slab,weak,1.75,0.0007641753585505422
0.0,aggregate_monthly,spike_slab,weak,2.0,0.01450132741078425
0.0,aggregate_monthly,spike_slab,weak,2.25,0.03367593314914551
0.0,aggregate_monthly,spike_slab,weak,2.5,0.036323733013703466
0.0,aggregate_monthly,spike_slab,weak,2.75,0.009708004810912196
0.0,aggregate_monthly,spike_slab,weak,3.0,0.03334892327496033
0.0,aggregate_monthly,spike_slab,weak,3.25,0.0017940368328987627
0.0,aggregate_monthly,spike_slab,weak,3.5,0.02265374460599664
0.0,aggregate_monthly,spike_slab,moderate,0.0,0.598187411564394
0.0,aggregate_monthly,spike_slab,moderate,0.25,0.050794393147613776
0.0,aggregate_monthly,spike_slab,moderate,0.5,0.04411105152748177
0.0,aggregate_monthly,spike_slab,moderate,0.75,0.08749887921671042
0.0,aggregate_monthly,spike_slab,moderate,1.0,0.015286988250778616
0.0,aggregate_monthly,spike_slab,moderate,1.25,0.05054247847175842
0.0,aggregate_monthly,spike_slab,moderate,1.5,0.03265744077254676
0.0,aggregate_monthly,spike_slab,moderate,1.75,0.0007595257554182078
0.0,aggregate_monthly,spike_slab,moderate,2.0,0.0099338195582157
0.0,aggregate_monthly,spike_slab,moderate,2.25,0.02052186781374882
0.0,aggregate_monthly,spike_slab,moderate,2.5,0.023705471910953454
0.0,aggregate_monthly,spike_slab,moderate,2.75,0.00872083879180885
0.0,aggregate_monthly,spike_slab,moderate,3.0,0.033348922969286064
0.0,aggregate_monthly,spike_slab,moderate,3.25,0.0017100289488025777
0.0,aggregate_monthly,spike_slab,moderate,3.5,0.022220881300482522
0.0,aggregate_monthly,spike_slab,strong,0.0,0.7622410758266193
0.0,aggregate_monthly,spike_slab,strong,0.25,0.022094102829400993
0.0,aggregate_monthly,spike_slab,strong,0.5,0.018919864902381567
0.0,aggregate_monthly,spike_slab,strong,0.75,0.03688175799252626
0.0,aggregate_monthly,spike_slab,strong,1.0,0.009932237514181196
0.0,aggregate_monthly,spike_slab,strong,1.25,0.02150233020360252
0.0,aggregate_monthly,spike_slab,strong,1.5,0.03264906156642513
0.0,aggregate_monthly,spike_slab,strong,1.75,0.000755763074439654
0.0,aggregate_monthly,spike_slab,strong,2.0,0.006600034821290673
0.0,aggregate_monthly,spike_slab,strong,2.25,0.010619833283636334
0.0,aggregate_monthly,spike_slab,strong,2.5,0.01359116724048791
0.0,aggregate_monthly,spike_slab,strong,2.75,0.007781691982794038
0.0,aggregate_monthly,spike_slab,strong,3.0,0.033348922687978656
0.0,aggregate_monthly,spike_slab,strong,3.25,0.0016250083096020856
0.0,aggregate_monthly,spike_slab,strong,3.5,0.021457147764633464
0.0,group_weekly,half_normal,weak,0.0,0.25451958156934346
0.0,group_weekly,half_normal,weak,0.25,0.13871521167820788
0.0,group_weekly,half_normal,weak,0.5,0.18745572138643193
0.0,group_weekly,half_normal,weak,0.75,0.133593699857493
0.0,group_weekly,half_normal,weak,1.0,0.05151974937304617
0.0,group_weekly,half_normal,weak,1.25,0.11210092800079206
0.0,group_weekly,half_normal,weak,1.5,2.4036570319909696e-15
0.0,group_weekly,half_normal,weak,1.75,1.2810896002067734e-15
0.0,group_weekly,half_normal,weak,2.0,0.02118018022672947
0.0,group_weekly,half_normal,weak,2.25,0.0029182864979697245
0.0,group_weekly,half_normal,weak,2.5,0.0025040086444902865
0.0,group_weekly,half_normal,weak,2.75,0.027420293432293994
0.0,group_weekly,half_normal,weak,3.0,0.06666666666666667
0.0,group_weekly,half_normal,weak,3.25,0.001403834672552716
0.0,group_weekly,half_normal,weak,3.5,1.8379939789866246e-6
0.0,group_weekly,half_normal,moderate,0.0,0.2742229201717333
0.0,group_weekly,half_normal,moderate,0.25,0.14572572997402114
0.0,group_weekly,half_normal,moderate,0.5,0.1910839737796441
0.0,group_weekly,half_normal,moderate,0.75,0.1298995514185561
0.0,group_weekly,half_normal,moderate,1.0,0.050343731086356175
0.0,group_weekly,half_normal,moderate,1.25,0.09707677059858434
0.0,group_weekly,half_normal,moderate,1.5,1.792499207319388e-15
0.0,group_weekly,half_normal,moderate,1.75,1.2817916876153423e-15
0.0,group_weekly,half_normal,moderate,2.0,0.016784858365059205
0.0,group_weekly,half_normal,moderate,2.25,0.0017717106829692058
0.0,group_weekly,half_normal,moderate,2.5,0.0014242186619116933
0.0,group_weekly,half_normal,moderate,2.75,0.024244173408561377
0.0,group_weekly,half_normal,moderate,3.0,0.06666666666666667
0.0,group_weekly,half_normal,moderate,3.25,0.0007553593350012966
0.0,group_weekly,half_normal,moderate,3.5,3.358509323399713e-7
0.0,group_weekly,half_normal,strong,0.0,0.34059392639022906
0.0,group_weekly,half_normal,strong,0.25,0.16807485510007317
0.0,group_weekly,half_normal,strong,0.5,0.1963489293506509
0.0,group_weekly,half_normal,strong,0.75,0.10974758945887021
0.0,group_weekly,half_normal,strong,1.0,0.05970411989917463
0.0,group_weekly,half_normal,strong,1.25,0.04982013064778095
0.0,group_weekly,half_normal,strong,1.5,5.112770135404219e-16
0.0,group_weekly,half_normal,strong,1.75,1.486677211721957e-15
0.0,group_weekly,half_normal,strong,2.0,0.006035605059653877
0.0,group_weekly,half_normal,strong,2.25,0.0003561301971058102
0.0,group_weekly,half_normal,strong,2.5,0.0001637334114737528
0.0,group_weekly,half_normal,strong,2.75,0.002477847535373459
0.0,group_weekly,half_normal,strong,3.0,0.06666666666666667
0.0,group_weekly,half_normal,strong,3.25,1.0466043926334817e-5
0.0,group_weekly,half_normal,strong,3.5,2.390191501839921e-10
0.0,group_weekly,exponential,weak,0.0,0.2884859032283591
0.0,group_weekly,exponential,weak,0.25,0.145368020287615
0.0,group_weekly,exponential,weak,0.5,0.18357654671495965
0.0,group_weekly,exponential,weak,0.75,0.12295754574505297
0.0,group_weekly,exponential,weak,1.0,0.04634951418910067
0.0,group_weekly,exponential,weak,1.25,0.09604784362883964
0.0,group_weekly,exponential,weak,1.5,1.8341789179049996e-15
0.0,group_weekly,exponential,weak,1.75,1.067002661650954e-15
0.0,group_weekly,exponential,weak,2.0,0.01783781640727704
0.0,group_weekly,exponential,weak,2.25,0.0022899741057346096
0.0,group_weekly,exponential,weak,2.5,0.0020030537606634336
0.0,group_weekly,exponential,weak,2.75,0.0270276697347535
0.0,group_weekly,exponential,weak,3.0,0.06666666666666667
0.0,group_weekly,exponential,weak,3.25,0.0013879594707540937
0.0,group_weekly,exponential,weak,3.5,1.4860602208489379e-6
0.0,group_weekly,exponential,moderate,0.0,0.3719056632663722
0.0,group_weekly,exponential,moderate,0.25,0.1584378036334401
0.0,group_weekly,exponential,moderate,0.5,0.1713223572439664
0.0,group_weekly,exponential,moderate,0.75,0.09774432673116897
0.0,group_weekly,exponential,moderate,1.0,0.036588803808625704
0.0,group_weekly,exponential,moderate,1.25,0.06059833515837043
0.0,group_weekly,exponential,moderate,1.5,8.131900668417824e-16
0.0,group_weekly,exponential,moderate,1.75,9.155159344790316e-16
0.0,group_weekly,exponential,moderate,2.0,0.010295252220175811
0.0,group_weekly,exponential,moderate,2.25,0.0011032442568628476
0.0,group_weekly,exponential,moderate,2.5,0.0009562478675440723
0.0,group_weekly,exponential,moderate,2.75,0.02351476113581227
0.0,group_weekly,exponential,moderate,3.0,0.06666666666666667
0.0,group_weekly,exponential,moderate,3.25,0.0008662811864157754
0.0,group_weekly,exponential,moderate,3.5,2.568245769098336e-7
0.0,group_weekly,exponential,strong,0.0,0.48563969761918063
0.0,group_weekly,exponential,strong,0.25,0.16444526323912628
0.0,group_weekly,exponential,strong,0.5,0.14144285577596613
0.0,group_weekly,exponential,strong,0.75,0.06322318982708598
0.0,group_weekly,exponential,strong,1.0,0.03140850674161345
0.0,group_weekly,exponential,strong,1.25,0.026350656057856144
0.0,group_weekly,exponential,strong,1.5,2.2688282618620613e-16
0.0,group_weekly,exponential,strong,1.75,1.087040405168655e-15
0.0,group_weekly,exponential,strong,2.0,0.005864459539261488
0.0,group_weekly,exponential,strong,2.25,0.0005724114559721041
0.0,group_weekly,exponential,strong,2.5,0.0004522350991955878
0.0,group_weekly,exponential,strong,2.75,0.013629246413455177
0.0,group_weekly,exponential,strong,3.0,0.06666666666666667
0.0,group_weekly,exponential,strong,3.25,0.0003047958492877104
0.0,group_weekly,exponential,strong,3.5,1.571533134643749e-8
0.0,group_weekly,spike_slab,weak,0.0,0.4704646219846982
0.0,group_weekly,spike_slab,weak,0.25,0.09533096356712206
0.0,group_weekly,spike_slab,weak,0.5,0.12862887647388926
0.0,group_weekly,spike_slab,weak,0.75,0.08814669039335189
0.0,group_weekly,spike_slab,weak,1.0,0.03423244654698546
0.0,group_weekly,spike_slab,weak,1.25,0.07320884786331001
0.0,group_weekly,spike_slab,weak,1.5,9.673334535593128e-16
0.0,group_weekly,spike_slab,weak,1.75,8.308066238874645e-16
0.0,group_weekly,spike_slab,weak,2.0,0.012725614712350777
0.0,group_weekly,spike_slab,weak,2.25,0.0017517835279375021
0.0,group_weekly,spike_slab,weak,2.5,0.001416801598527991
0.0,group_weekly,spike_slab,weak,2.75,0.02632844293967921
0.0,group_weekly,spike_slab,weak,3.0,0.06666666666666667
0.0,group_weekly,spike_slab,weak,3.25,0.0010976649504245838
0.0,group_weekly,spike_slab,weak,3.5,5.78775054669784e-7
0.0,group_weekly,spike_slab,moderate,0.0,0.6766811954217898
0.0,group_weekly,spike_slab,moderate,0.25,0.048562957064634954
0.0,group_weekly,spike_slab,moderate,0.5,0.06654878117717386
0.0,group_weekly,spike_slab,moderate,0.75,0.045545449904510434
0.0,group_weekly,spike_slab,moderate,1.0,0.01912819565283664
0.0,group_weekly,spike_slab,moderate,1.25,0.03980736694852797
0.0,group_weekly,spike_slab,moderate,1.5,3.7702153287436295e-16
0.0,group_weekly,spike_slab,moderate,1.75,6.136860052342379e-16
0.0,group_weekly,spike_slab,moderate,2.0,0.007544231623682752
0.0,group_weekly,spike_slab,moderate,2.25,0.0011480844817390809
0.0,group_weekly,spike_slab,moderate,2.5,0.0009731001571503459
0.0,group_weekly,spike_slab,moderate,2.75,0.026296168872814583
0.0,group_weekly,spike_slab,moderate,3.0,0.06666666666666667
0.0,group_weekly,spike_slab,moderate,3.25,0.001097515008587427
0.0,group_weekly,spike_slab,moderate,3.5,2.8701988450431356e-7
0.0,group_weekly,spike_slab,strong,0.0,0.8067803673049457
0.0,group_weekly,spike_slab,strong,0.25,0.019810461053662395
0.0,group_weekly,spike_slab,strong,0.5,0.027521577965105095
0.0,group_weekly,spike_slab,strong,0.75,0.01894808452604914
0.0,group_weekly,spike_slab,strong,1.0,0.009341634771676356
0.0,group_weekly,spike_slab,strong,1.25,0.017253630565818585
0.0,group_weekly,spike_slab,strong,1.5,1.3814201311079885e-16
0.0,group_weekly,spike_slab,strong,1.75,5.237605170639859e-16
0.0,group_weekly,spike_slab,strong,2.0,0.00482694211738824
0.0,group_weekly,spike_slab,strong,2.25,0.0007537748813835447
0.0,group_weekly,spike_slab,strong,2.5,0.0007238172246234043
0.0,group_weekly,spike_slab,strong,2.75,0.026275500235652945
0.0,group_weekly,spike_slab,strong,3.0,0.06666666666666667
0.0,group_weekly,spike_slab,strong,3.25,0.001097414344456149
0.0,group_weekly,spike_slab,strong,3.5,1.2834257100696264e-7
2.5,aggregate_daily,half_normal,weak,0.0,0.07937715918246996
2.5,aggregate_daily,half_normal,weak,0.25,0.0876711175900641
2.5,aggregate_daily,half_normal,weak,0.5,0.07394243654702394
2.5,aggregate_daily,half_normal,weak,0.75,0.0819434178247835
2.5,aggregate_daily,half_normal,weak,1.0,0.05998176802830509
2.5,aggregate_daily,half_normal,weak,1.25,0.1028647206773486
2.5,aggregate_daily,half_normal,weak,1.5,9.992953240274334e-5
2.5,aggregate_daily,half_normal,weak,1.75,0.00010066557004809637
2.5,aggregate_daily,half_normal,weak,2.0,0.06604275778750529
2.5,aggregate_daily,half_normal,weak,2.25,0.09473725781207622
2.5,aggregate_daily,half_normal,weak,2.5,0.1973252994285496
2.5,aggregate_daily,half_normal,weak,2.75,0.09715354846359789
2.5,aggregate_daily,half_normal,weak,3.0,5.611842165993912e-8
2.5,aggregate_daily,half_normal,weak,3.25,0.029380693308981833
2.5,aggregate_daily,half_normal,weak,3.5,0.0293791721284215
2.5,aggregate_daily,half_normal,moderate,0.0,0.10726385248473254
2.5,aggregate_daily,half_normal,moderate,0.25,0.11716209632815544
2.5,aggregate_daily,half_normal,moderate,0.5,0.10256380344853228
2.5,aggregate_daily,half_normal,moderate,0.75,0.10602081942214311
2.5,aggregate_daily,half_normal,moderate,1.0,0.09193068586922501
2.5,aggregate_daily,half_normal,moderate,1.25,0.10844890206786899
2.5,aggregate_daily,half_normal,moderate,1.5,0.00012370631739059296
2.5,aggregate_daily,half_normal,moderate,1.75,0.00014662806194910174
2.5,aggregate_daily,half_normal,moderate,2.0,0.06286022453798733
2.5,aggregate_daily,half_normal,moderate,2.25,0.0677672686711535
2.5,aggregate_daily,half_normal,moderate,2.5,0.13422598492869184
2.5,aggregate_daily,half_normal,moderate,2.75,0.07138595412261349
2.5,aggregate_daily,half_normal,moderate,3.0,3.39593256559897e-8
2.5,aggregate_daily,half_normal,moderate,3.25,0.01451820366145219
2.5,aggregate_daily,half_normal,moderate,3.5,0.015581836118778917
2.5,aggregate_daily,half_normal,strong,0.0,0.19432562488075933
2.5,aggregate_daily,half_normal,strong,0.25,0.20099005307707202
2.5,aggregate_daily,half_normal,strong,0.5,0.18662465249474458
2.5,aggregate_daily,half_normal,strong,0.75,0.1450181052860687
2.5,aggregate_daily,half_normal,strong,1.0,0.1625832859678122
2.5,aggregate_daily,half_normal,strong,1.25,0.07065299777469829
2.5,aggregate_daily,half_normal,strong,1.5,0.00010025978802536347
2.5,aggregate_daily,half_normal,strong,1.75,0.000122299375971741
2.5,aggregate_daily,half_normal,strong,2.0,0.015827989624794814
2.5,aggregate_daily,half_normal,strong,2.25,0.006552021946309667
2.5,aggregate_daily,half_normal,strong,2.5,0.012044643559461816
2.5,aggregate_daily,half_normal,strong,2.75,0.0048513327767146725
2.5,aggregate_daily,half_normal,strong,3.0,5.02794964152473e-10
2.5,aggregate_daily,half_normal,strong,3.25,0.0001787366665641403
2.5,aggregate_daily,half_normal,strong,3.5,0.00012799627820775508
2.5,aggregate_daily,exponential,weak,0.0,0.10132929439022827
2.5,aggregate_daily,exponential,weak,0.25,0.10350092534069967
2.5,aggregate_daily,exponential,weak,0.5,0.08316173469748347
2.5,aggregate_daily,exponential,weak,0.75,0.08610267177058777
2.5,aggregate_daily,exponential,weak,1.0,0.06415716374116401
2.5,aggregate_daily,exponential,weak,1.25,0.09548113799402375
2.5,aggregate_daily,exponential,weak,1.5,9.716576319244836e-5
2.5,aggregate_daily,exponential,weak,1.75,0.00010134393587794336
2.5,aggregate_daily,exponential,weak,2.0,0.060656725834632066
2.5,aggregate_daily,exponential,weak,2.25,0.08249126647068604
2.5,aggregate_daily,exponential,weak,2.5,0.1750099556351852
2.5,aggregate_daily,exponential,weak,2.75,0.09083232657825913
2.5,aggregate_daily,exponential,weak,3.0,5.3581328145462504e-8
2.5,aggregate_daily,exponential,weak,3.25,0.027921541121757876
2.5,aggregate_daily,exponential,weak,3.5,0.029156693144894268
2.5,aggregate_daily,exponential,moderate,0.0,0.18160750436228457
2.5,aggregate_daily,exponential,moderate,0.25,0.1579330119160463
2.5,aggregate_daily,exponential,moderate,0.5,0.11891697533803867
2.5,aggregate_daily,exponential,moderate,0.75,0.10068020626076221
2.5,aggregate_daily,exponential,moderate,1.0,0.09052140330977397
2.5,aggregate_daily,exponential,moderate,1.25,0.07579611071914266
2.5,aggregate_daily,exponential,moderate,1.5,9.081839596052276e-5
2.5,aggregate_daily,exponential,moderate,1.75,0.00012260214577076867
2.5,aggregate_daily,exponential,moderate,2.0,0.04321030554650313
2.5,aggregate_daily,exponential,moderate,2.25,0.0436842240366284
2.5,aggregate_daily,exponential,moderate,2.5,0.09372263053186516
2.5,aggregate_daily,exponential,moderate,2.75,0.06040245011467526
2.5,aggregate_daily,exponential,moderate,3.0,3.215481052615331e-8
2.5,aggregate_daily,exponential,moderate,3.25,0.014722632070745438
2.5,aggregate_daily,exponential,moderate,3.5,0.018589093096992335
2.5,aggregate_daily,exponential,strong,0.0,0.30627169543334887
2.5,aggregate_daily,exponential,strong,0.25,0.21532637123260306
2.5,aggregate_daily,exponential,strong,0.5,0.14861099776717562
2.5,aggregate_daily,exponential,strong,0.75,0.0899282970110749
2.5,aggregate_daily,exponential,strong,1.0,0.10868292775546293
2.5,aggregate_daily,exponential,strong,1.25,0.03892597357013638
2.5,aggregate_daily,exponential,strong,1.5,5.202141393268581e-5
2.5,aggregate_daily,exponential,strong,1.75,0.000106312056127434
2.5,aggregate_daily,exponential,strong,2.0,0.01672634035882067
2.5,aggregate_daily,exponential,strong,2.25,0.011526556185519204
2.5,aggregate_daily,exponential,strong,2.5,0.029171651960822265
2.5,aggregate_daily,exponential,strong,2.75,0.023986944092658117
2.5,aggregate_daily,exponential,strong,3.0,8.612975395735544e-9
2.5,aggregate_daily,exponential,strong,3.25,0.004163451396346481
2.5,aggregate_daily,exponential,strong,3.5,0.0065204511529960265
2.5,aggregate_daily,spike_slab,weak,0.0,0.2079065453338732
2.5,aggregate_daily,spike_slab,weak,0.25,0.07968960171228123
2.5,aggregate_daily,spike_slab,weak,0.5,0.07171864044104609
2.5,aggregate_daily,spike_slab,weak,0.75,0.07517555174732231
2.5,aggregate_daily,spike_slab,weak,1.0,0.0659090718361386
2.5,aggregate_daily,spike_slab,weak,1.25,0.08476076421372948
2.5,aggregate_daily,spike_slab,weak,1.5,9.360382152413932e-5
2.5,aggregate_daily,spike_slab,weak,1.75,0.0001151867776288513
2.5,aggregate_daily,spike_slab,weak,2.0,0.05728586501270389
2.5,aggregate_daily,spike_slab,weak,2.25,0.07416841479316547
2.5,aggregate_daily,spike_slab,weak,2.5,0.1538218733430198
2.5,aggregate_daily,spike_slab,weak,2.75,0.08484118093541729
2.5,aggregate_daily,spike_slab,weak,3.0,4.647693473023681e-8
2.5,aggregate_daily,spike_slab,weak,3.25,0.021576658867629803
2.5,aggregate_daily,spike_slab,weak,3.5,0.02293699468758515
2.5,aggregate_daily,spike_slab,moderate,0.0,0.3859659999720083
2.5,aggregate_daily,spike_slab,moderate,0.25,0.05184828973662591
2.5,aggregate_daily,spike_slab,moderate,0.5,0.05106240427895923
2.5,aggregate_daily,spike_slab,moderate,0.75,0.050810839579954574
2.5,aggregate_daily,spike_slab,moderate,1.0,0.05509511446834959
2.5,aggregate_daily,spike_slab,moderate,1.25,0.0553227121394667
2.5,aggregate_daily,spike_slab,moderate,1.5,6.570526287547629e-5
2.5,aggregate_daily,spike_slab,moderate,1.75,0.00010638717237675204
2.5,aggregate_daily,spike_slab,moderate,2.0,0.04361241512586051
2.5,aggregate_daily,spike_slab,moderate,2.25,0.05817328577901026
2.5,aggregate_daily,spike_slab,moderate,2.5,0.12421274346940339
2.5,aggregate_daily,spike_slab,moderate,2.75,0.0806693598427656
2.5,aggregate_daily,spike_slab,moderate,3.0,4.58257211513611e-8
2.5,aggregate_daily,spike_slab,moderate,3.25,0.020324317154851387
2.5,aggregate_daily,spike_slab,moderate,3.5,0.022730380191771295
2.5,aggregate_daily,spike_slab,strong,0.0,0.5701725455237873
2.5,aggregate_daily,spike_slab,strong,0.25,0.027434258255904752
2.5,aggregate_daily,spike_slab,strong,0.5,0.030297586669372358
2.5,aggregate_daily,spike_slab,strong,0.75,0.028300046706213278
2.5,aggregate_daily,spike_slab,strong,1.0,0.04266891089755626
2.5,aggregate_daily,spike_slab,strong,1.25,0.029503318032007186
2.5,aggregate_daily,spike_slab,strong,1.5,3.734939731359325e-5
2.5,aggregate_daily,spike_slab,strong,1.75,9.643120972534694e-5
2.5,aggregate_daily,spike_slab,strong,2.0,0.029373827076199368
2.5,aggregate_daily,spike_slab,strong,2.25,0.03934770373173966
2.5,aggregate_daily,spike_slab,strong,2.5,0.08763808290373488
2.5,aggregate_daily,spike_slab,strong,2.75,0.0741084779005924
2.5,aggregate_daily,spike_slab,strong,3.0,4.509131641907148e-8
2.5,aggregate_daily,spike_slab,strong,3.25,0.018779068175660652
2.5,aggregate_daily,spike_slab,strong,3.5,0.022242348428876676
2.5,aggregate_weekly,half_normal,weak,0.0,0.10026386623639563
2.5,aggregate_weekly,half_normal,weak,0.25,0.10951776905564298
2.5,aggregate_weekly,half_normal,weak,0.5,0.10241183448055523
2.5,aggregate_weekly,half_normal,weak,0.75,0.10196357727376192
2.5,aggregate_weekly,half_normal,weak,1.0,0.09836760262265143
2.5,aggregate_weekly,half_normal,weak,1.25,0.10250399875263631
2.5,aggregate_weekly,half_normal,weak,1.5,9.660939868620835e-5
2.5,aggregate_weekly,half_normal,weak,1.75,8.207241585400039e-5
2.5,aggregate_weekly,half_normal,weak,2.0,0.06030193739150907
2.5,aggregate_weekly,half_normal,weak,2.25,0.09182809532939194
2.5,aggregate_weekly,half_normal,weak,2.5,0.1207641849438462
2.5,aggregate_weekly,half_normal,weak,2.75,0.0662453772807167
2.5,aggregate_weekly,half_normal,weak,3.0,6.024179555645881e-8
2.5,aggregate_weekly,half_normal,weak,3.25,0.023016641939558494
2.5,aggregate_weekly,half_normal,weak,3.5,0.022636372636998286
2.5,aggregate_weekly,half_normal,moderate,0.0,0.1269913883929223
2.5,aggregate_weekly,half_normal,moderate,0.25,0.1346977792787852
2.5,aggregate_weekly,half_normal,moderate,0.5,0.12519707958326165
2.5,aggregate_weekly,half_normal,moderate,0.75,0.1195158072789752
2.5,aggregate_weekly,half_normal,moderate,1.0,0.13246739051320558
2.5,aggregate_weekly,half_normal,moderate,1.25,0.09733139442380229
2.5,aggregate_weekly,half_normal,moderate,1.5,0.0001003849646790633
2.5,aggregate_weekly,half_normal,moderate,1.75,9.714008696353043e-5
2.5,aggregate_weekly,half_normal,moderate,2.0,0.05498997638476761
2.5,aggregate_weekly,half_normal,moderate,2.25,0.06535477870397098
2.5,aggregate_weekly,half_normal,moderate,2.5,0.07856601394866662
2.5,aggregate_weekly,half_normal,moderate,2.75,0.04192420837591385
2.5,aggregate_weekly,half_normal,moderate,3.0,2.972619963614054e-8
2.5,aggregate_weekly,half_normal,moderate,3.25,0.010681595618282884
2.5,aggregate_weekly,half_normal,moderate,3.5,0.012085032719603631
2.5,aggregate_weekly,half_normal,strong,0.0,0.20831341058895697
2.5,aggregate_weekly,half_normal,strong,0.25,0.204809629959665
2.5,aggregate_weekly,half_normal,strong,0.5,0.17719917435985566
2.5,aggregate_weekly,half_normal,strong,0.75,0.1405742485132267
2.5,aggregate_weekly,half_normal,strong,1.0,0.18716701661151333
2.5,aggregate_weekly,half_normal,strong,1.25,0.05329408308847001
2.5,aggregate_weekly,half_normal,strong,1.5,4.807468121220582e-5
2.5,aggregate_weekly,half_normal,strong,1.75,5.224621603921247e-5
2.5,aggregate_weekly,half_normal,strong,2.0,0.01285026120165186
2.5,aggregate_weekly,half_normal,strong,2.25,0.007612801476589228
2.5,aggregate_weekly,half_normal,strong,2.5,0.005661630396750686
2.5,aggregate_weekly,half_normal,strong,2.75,0.0022241432541381047
2.5,aggregate_weekly,half_normal,strong,3.0,3.1529744633310287e-10
2.5,aggregate_weekly,half_normal,strong,3.25,0.00011094002539977722
2.5,aggregate_weekly,half_normal,strong,3.5,8.233931123386732e-5
2.5,aggregate_weekly,exponential,weak,0.0,0.12444960367457197
2.5,aggregate_weekly,exponential,weak,0.25,0.1250254467315255
2.5,aggregate_weekly,exponential,weak,0.5,0.11017813306586917
2.5,aggregate_weekly,exponential,weak,0.75,0.1034677132101132
2.5,aggregate_weekly,exponential,weak,1.0,0.10154950949682853
2.5,aggregate_weekly,exponential,weak,1.25,0.09149228846380737
2.5,aggregate_weekly,exponential,weak,1.5,8.875189658055464e-5
2.5,aggregate_weekly,exponential,weak,1.75,7.986154005482608e-5
2.5,aggregate_weekly,exponential,weak,2.0,0.054683929680415945
2.5,aggregate_weekly,exponential,weak,2.25,0.07940386161409671
2.5,aggregate_weekly,exponential,weak,2.5,0.10600536738623748
2.5,aggregate_weekly,exponential,weak,2.75,0.05984914431282094
2.5,aggregate_weekly,exponential,weak,3.0,5.5403261774893716e-8
2.5,aggregate_weekly,exponential,weak,3.25,0.021410926155844716
2.5,aggregate_weekly,exponential,weak,3.5,0.022315407367971343
2.5,aggregate_weekly,exponential,moderate,0.0,0.20669893632731895
2.5,aggregate_weekly,exponential,moderate,0.25,0.1725437390631746
2.5,aggregate_weekly,exponential,moderate,0.5,0.13433999251012013
2.5,aggregate_weekly,exponential,moderate,0.75,0.10816399530738424
2.5,aggregate_weekly,exponential,moderate,1.0,0.12162523886001661
2.5,aggregate_weekly,exponential,moderate,1.25,0.06391888212613318
2.5,aggregate_weekly,exponential,moderate,1.5,6.586710216257389e-5
2.5,aggregate_weekly,exponential,moderate,1.75,7.733653600520064e-5
2.5,aggregate_weekly,exponential,moderate,2.0,0.03715348994778744
2.5,aggregate_weekly,exponential,moderate,2.25,0.04257055558355875
2.5,aggregate_weekly,exponential,moderate,2.5,0.05475874078176123
2.5,aggregate_weekly,exponential,moderate,2.75,0.0335805809805602
2.5,aggregate_weekly,exponential,moderate,3.0,2.6499520315624284e-8
2.5,aggregate_weekly,exponential,moderate,3.25,0.010368192306767748
2.5,aggregate_weekly,exponential,moderate,3.5,0.01413442606772879
2.5,aggregate_weekly,exponential,strong,0.0,0.33601415909606425
2.5,aggregate_weekly,exponential,strong,0.25,0.22157045389896385
2.5,aggregate_weekly,exponential,strong,0.5,0.14271374169981427
2.5,aggregate_weekly,exponential,strong,0.75,0.0893304356050517
2.5,aggregate_weekly,exponential,strong,1.0,0.11850209684093059
2.5,aggregate_weekly,exponential,strong,1.25,0.029665669645414342
2.5,aggregate_weekly,exponential,strong,1.5,2.6844847051852168e-5
2.5,aggregate_weekly,exponential,strong,1.75,5.0336742966829586e-5
2.5,aggregate_weekly,exponential,strong,2.0,0.014598522695206222
2.5,aggregate_weekly,exponential,strong,2.25,0.012603886598623432
2.5,aggregate_weekly,exponential,strong,2.5,0.01534622178460601
2.5,aggregate_weekly,exponential,strong,2.75,0.01170202207674603
2.5,aggregate_weekly,exponential,strong,3.0,5.450001294058168e-9
2.5,aggregate_weekly,exponential,strong,3.25,0.0028605756593003528
2.5,aggregate_weekly,exponential,strong,3.5,0.005015027359259033
2.5,aggregate_weekly,spike_slab,weak,0.0,0.25027632214457385
2.5,aggregate_weekly,spike_slab,weak,0.25,0.093445682342383
2.5,aggregate_weekly,spike_slab,weak,0.5,0.09068214827688421
2.5,aggregate_weekly,spike_slab,weak,0.75,0.08794590115161957
2.5,aggregate_weekly,spike_slab,weak,1.0,0.09913143868838951
2.5,aggregate_weekly,spike_slab,weak,1.25,0.07880320572374812
2.5,aggregate_weekly,spike_slab,weak,1.5,7.85399102014525e-5
2.5,aggregate_weekly,spike_slab,weak,1.75,8.582688796843952e-5
2.5,aggregate_weekly,spike_slab,weak,2.0,0.05055946916573116
2.5,aggregate_weekly,spike_slab,weak,2.25,0.0711896831458328
2.5,aggregate_weekly,spike_slab,weak,2.5,0.09158142943837491
2.5,aggregate_weekly,spike_slab,weak,2.75,0.05269155385270029
2.5,aggregate_weekly,spike_slab,weak,3.0,4.507716013689522e-8
2.5,aggregate_weekly,spike_slab,weak,3.25,0.015880512309730564
2.5,aggregate_weekly,spike_slab,weak,3.5,0.017648241884701994
2.5,aggregate_weekly,spike_slab,moderate,0.0,0.45412385580478526
2.5,aggregate_weekly,spike_slab,moderate,0.25,0.058200575427757424
2.5,aggregate_weekly,spike_slab,moderate,0.5,0.06006889192357681
2.5,aggregate_weekly,spike_slab,moderate,0.75,0.05699904011997085
2.5,aggregate_weekly,spike_slab,moderate,1.0,0.07664633706430224
2.5,aggregate_weekly,spike_slab,moderate,1.25,0.04896849836632014
2.5,aggregate_weekly,spike_slab,moderate,1.5,4.979488742913706e-5
2.5,aggregate_weekly,spike_slab,moderate,1.75,7.943712175837199e-5
2.5,aggregate_weekly,spike_slab,moderate,2.0,0.03865911829692356
2.5,aggregate_weekly,spike_slab,moderate,2.25,0.05467057041191965
2.5,aggregate_weekly,spike_slab,moderate,2.5,0.0724482439802841
2.5,aggregate_weekly,spike_slab,moderate,2.75,0.04738656382066432
2.5,aggregate_weekly,spike_slab,moderate,3.0,4.341648824759575e-8
2.5,aggregate_weekly,spike_slab,moderate,3.25,0.014351047923780343
2.5,aggregate_weekly,spike_slab,moderate,3.5,0.017347981434039563
2.5,aggregate_weekly,spike_slab,strong,0.0,0.653768243975356
2.5,aggregate_weekly,spike_slab,strong,0.25,0.02890414578715893
2.5,aggregate_weekly,spike_slab,strong,0.5,0.0317088159041465
2.5,aggregate_weekly,spike_slab,strong,0.75,0.02931766217578648
2.5,aggregate_weekly,spike_slab,strong,1.0,0.05164801210085746
2.5,aggregate_weekly,spike_slab,strong,1.25,0.02394195582706016
2.5,aggregate_weekly,spike_slab,strong,1.5,2.5341678305906208e-5
2.5,aggregate_weekly,spike_slab,strong,1.75,7.188508047190597e-5
2.5,aggregate_weekly,spike_slab,strong,2.0,0.027802818216951096
2.5,aggregate_weekly,spike_slab,strong,2.25,0.03490464024096517
2.5,aggregate_weekly,spike_slab,strong,2.5,0.04827845430504165
2.5,aggregate_weekly,spike_slab,strong,2.75,0.03993528617923757
2.5,aggregate_weekly,spike_slab,strong,3.0,4.143439626998196e-8
2.5,aggregate_weekly,spike_slab,strong,3.25,0.012899442423183246
2.5,aggregate_weekly,spike_slab,strong,3.5,0.01679325467108168
2.5,aggregate_monthly,half_normal,weak,0.0,0.1658206850825557
2.5,aggregate_monthly,half_normal,weak,0.25,0.13212094435963853
2.5,aggregate_monthly,half_normal,weak,0.5,0.12296479151618464
2.5,aggregate_monthly,half_normal,weak,0.75,0.22235863732759384
2.5,aggregate_monthly,half_normal,weak,1.0,0.026831666733959845
2.5,aggregate_monthly,half_normal,weak,1.25,0.1371222224832973
2.5,aggregate_monthly,half_normal,weak,1.5,4.363483159454479e-5
2.5,aggregate_monthly,half_normal,weak,1.75,3.943065162676661e-5
2.5,aggregate_monthly,half_normal,weak,2.0,0.020533925727966515
2.5,aggregate_monthly,half_normal,weak,2.25,0.06540464507210211
2.5,aggregate_monthly,half_normal,weak,2.5,0.05745755582042268
2.5,aggregate_monthly,half_normal,weak,2.75,0.011885932349941165
2.5,aggregate_monthly,half_normal,weak,3.0,5.113456198132032e-9
2.5,aggregate_monthly,half_normal,weak,3.25,0.001817929290049631
2.5,aggregate_monthly,half_normal,weak,3.5,0.03559799363961056
2.5,aggregate_monthly,half_normal,moderate,0.0,0.19549302003144378
2.5,aggregate_monthly,half_normal,moderate,0.25,0.15379090418895602
2.5,aggregate_monthly,half_normal,moderate,0.5,0.13906361634313105
2.5,aggregate_monthly,half_normal,moderate,0.75,0.2390904471935641
2.5,aggregate_monthly,half_normal,moderate,1.0,0.03950042059993928
2.5,aggregate_monthly,half_normal,moderate,1.25,0.12469808692972763
2.5,aggregate_monthly,half_normal,moderate,1.5,3.5579162941616864e-5
2.5,aggregate_monthly,half_normal,moderate,1.75,5.842130059450768e-5
2.5,aggregate_monthly,half_normal,moderate,2.0,0.017213796274356926
2.5,aggregate_monthly,half_normal,moderate,2.25,0.03811437229309313
2.5,aggregate_monthly,half_normal,moderate,2.5,0.026517057989020303
2.5,aggregate_monthly,half_normal,moderate,2.75,0.009744608070497061
2.5,aggregate_monthly,half_normal,moderate,3.0,3.2513231749691425e-9
2.5,aggregate_monthly,half_normal,moderate,3.25,0.0009466843630817317
2.5,aggregate_monthly,half_normal,moderate,3.5,0.015732982008329587
2.5,aggregate_monthly,half_normal,strong,0.0,0.2699431313816546
2.5,aggregate_monthly,half_normal,strong,0.25,0.20380982866625805
2.5,aggregate_monthly,half_normal,strong,0.5,0.16435029371300727
2.5,aggregate_monthly,half_normal,strong,0.75,0.2274334360262877
2.5,aggregate_monthly,half_normal,strong,1.0,0.06608173184098763
2.5,aggregate_monthly,half_normal,strong,1.25,0.06092351981721595
2.5,aggregate_monthly,half_normal,strong,1.5,1.108398430206818e-5
2.5,aggregate_monthly,half_normal,strong,1.75,3.401355003336688e-5
2.5,aggregate_monthly,half_normal,strong,2.0,0.0036199022934559357
2.5,aggregate_monthly,half_normal,strong,2.25,0.0026753140233319343
2.5,aggregate_monthly,half_normal,strong,2.5,0.0007691316216744162
2.5,aggregate_monthly,half_normal,strong,2.75,0.00032055684452589187
2.5,aggregate_monthly,half_normal,strong,3.0,3.9882235754486455e-11
2.5,aggregate_monthly,half_normal,strong,3.25,4.240307640841514e-6
2.5,aggregate_monthly,half_normal,strong,3.5,2.3815889742216062e-5
2.5,aggregate_monthly,exponential,weak,0.0,0.201034504479388
2.5,aggregate_monthly,exponential,weak,0.25,0.1476487404600781
2.5,aggregate_monthly,exponential,weak,0.5,0.1278276002444368
2.5,aggregate_monthly,exponential,weak,0.75,0.2174165552951316
2.5,aggregate_monthly,exponential,weak,1.0,0.026602507844723993
2.5,aggregate_monthly,exponential,weak,1.25,0.12006872160456879
2.5,aggregate_monthly,exponential,weak,1.5,3.667201231888581e-5
2.5,aggregate_monthly,exponential,weak,1.75,3.7144458158756256e-5
2.5,aggregate_monthly,exponential,weak,2.0,0.017053218467910983
2.5,aggregate_monthly,exponential,weak,2.25,0.05133386986196352
2.5,aggregate_monthly,exponential,weak,2.5,0.04419747426035666
2.5,aggregate_monthly,exponential,weak,2.75,0.010662168889919534
2.5,aggregate_monthly,exponential,weak,3.0,4.593567458176106e-9
2.5,aggregate_monthly,exponential,weak,3.25,0.0016668390848493283
2.5,aggregate_monthly,exponential,weak,3.5,0.034413978442627564
2.5,aggregate_monthly,exponential,moderate,0.0,0.2981442658626208
2.5,aggregate_monthly,exponential,moderate,0.25,0.18485125891423607
2.5,aggregate_monthly,exponential,moderate,0.5,0.13601865564070023
2.5,aggregate_monthly,exponential,moderate,0.75,0.19550388502156368
2.5,aggregate_monthly,exponential,moderate,1.0,0.03569074866902459
2.5,aggregate_monthly,exponential,moderate,1.25,0.07718815191173557
2.5,aggregate_monthly,exponential,moderate,1.5,2.0078416243643214e-5
2.5,aggregate_monthly,exponential,moderate,1.75,4.485273772403734e-5
2.5,aggregate_monthly,exponential,moderate,2.0,0.010772439459368493
2.5,aggregate_monthly,exponential,moderate,2.25,0.021217804757885744
2.5,aggregate_monthly,exponential,moderate,2.5,0.014539293103345981
2.5,aggregate_monthly,exponential,moderate,2.75,0.007710965540348382
2.5,aggregate_monthly,exponential,moderate,3.0,2.7657091104066125e-9
2.5,aggregate_monthly,exponential,moderate,3.25,0.0008987635961196696
2.5,aggregate_monthly,exponential,moderate,3.5,0.017398833603373878
2.5,aggregate_monthly,exponential,strong,0.0,0.43299055110704987
2.5,aggregate_monthly,exponential,strong,0.25,0.2111240059829071
2.5,aggregate_monthly,exponential,strong,0.5,0.12324547157018634
2.5,aggregate_monthly,exponential,strong,0.75,0.13403010528928586
2.5,aggregate_monthly,exponential,strong,1.0,0.048078659532299395
2.5,aggregate_monthly,exponential,strong,1.25,0.03222378326958949
2.5,aggregate_monthly,exponential,strong,1.5,6.5459456471836465e-6
2.5,aggregate_monthly,exponential,strong,1.75,3.661043752311298e-5
2.5,aggregate_monthly,exponential,strong,2.0,0.005070611285632499
2.5,aggregate_monthly,exponential,strong,2.25,0.005106856300426004
2.5,aggregate_monthly,exponential,strong,2.5,0.002469856417300851
2.5,aggregate_monthly,exponential,strong,2.75,0.0026329482721071675
2.5,aggregate_monthly,exponential,strong,3.0,7.044578985953227e-10
2.5,aggregate_monthly,exponential,strong,3.25,0.00018332595958269745
2.5,aggregate_monthly,exponential,strong,3.5,0.002800667926004501
2.5,aggregate_monthly,spike_slab,weak,0.0,0.3834268369450872
2.5,aggregate_monthly,spike_slab,weak,0.25,0.10398706621526474
2.5,aggregate_monthly,spike_slab,weak,0.5,0.0961523019223693
2.5,aggregate_monthly,spike_slab,weak,0.75,0.16785409193848067
2.5,aggregate_monthly,spike_slab,weak,1.0,0.025919094639913463
2.5,aggregate_monthly,spike_slab,weak,1.25,0.09677245128998217
2.5,aggregate_monthly,spike_slab,weak,1.5,2.947030666144079e-5
2.5,aggregate_monthly,spike_slab,weak,1.75,4.3237760365206765e-5
2.5,aggregate_monthly,spike_slab,weak,2.0,0.015291718207171416
2.5,aggregate_monthly,spike_slab,weak,2.25,0.04044703560326005
2.5,aggregate_monthly,spike_slab,weak,2.5,0.03148462328816576
2.5,aggregate_monthly,spike_slab,weak,2.75,0.010553859724816393
2.5,aggregate_monthly,spike_slab,weak,3.0,4.1218779867350575e-9
2.5,aggregate_monthly,spike_slab,weak,3.25,0.0013777236116113692
2.5,aggregate_monthly,spike_slab,weak,3.5,0.026660484424972774
2.5,aggregate_monthly,spike_slab,moderate,0.0,0.6312010900580766
2.5,aggregate_monthly,spike_slab,moderate,0.25,0.05766490908158242
2.5,aggregate_monthly,spike_slab,moderate,0.5,0.05383541449916449
2.5,aggregate_monthly,spike_slab,moderate,0.75,0.09185711963179129
2.5,aggregate_monthly,spike_slab,moderate,1.0,0.019221468426204532
2.5,aggregate_monthly,spike_slab,moderate,1.25,0.05316755882163195
2.5,aggregate_monthly,spike_slab,moderate,1.5,1.6207604553636e-5
2.5,aggregate_monthly,spike_slab,moderate,1.75,3.832000455163811e-5
2.5,aggregate_monthly,spike_slab,moderate,2.0,0.010810231316461364
2.5,aggregate_monthly,spike_slab,moderate,2.25,0.02573449277397783
2.5,aggregate_monthly,spike_slab,moderate,2.5,0.019014761960394946
2.5,aggregate_monthly,spike_slab,moderate,2.75,0.009750775497802431
2.5,aggregate_monthly,spike_slab,moderate,3.0,3.83035512347211e-9
2.5,aggregate_monthly,spike_slab,moderate,3.25,0.0013053019494330882
2.5,aggregate_monthly,spike_slab,moderate,3.5,0.026382344544018676
2.5,aggregate_monthly,spike_slab,strong,0.0,0.806271499550887
2.5,aggregate_monthly,spike_slab,strong,0.25,0.024885525286823997
2.5,aggregate_monthly,spike_slab,strong,0.5,0.02359542770373475
2.5,aggregate_monthly,spike_slab,strong,0.75,0.038994699331109
2.5,aggregate_monthly,spike_slab,strong,1.0,0.014364026153041819
2.5,aggregate_monthly,spike_slab,strong,1.25,0.022688885200785616
2.5,aggregate_monthly,spike_slab,strong,1.5,6.912397868910086e-6
2.5,aggregate_monthly,spike_slab,strong,1.75,3.4393179522908394e-5
2.5,aggregate_monthly,spike_slab,strong,2.0,0.00761225335540047
2.5,aggregate_monthly,spike_slab,strong,2.25,0.01506874016316553
2.5,aggregate_monthly,spike_slab,strong,2.5,0.01022379898482723
2.5,aggregate_monthly,spike_slab,strong,2.75,0.009139346009194716
2.5,aggregate_monthly,spike_slab,strong,3.0,3.5890247874416595e-9
2.5,aggregate_monthly,spike_slab,strong,3.25,0.0012425388491981257
2.5,aggregate_monthly,spike_slab,strong,3.5,0.02587195024541499
2.5,group_weekly,half_normal,weak,0.0,0.06762404074966377
2.5,group_weekly,half_normal,weak,0.25,0.03335503355092744
2.5,group_weekly,half_normal,weak,0.5,0.08057628668836356
2.5,group_weekly,half_normal,weak,0.75,0.04216055523847372
2.5,group_weekly,half_normal,weak,1.0,0.04818025428448943
2.5,group_weekly,half_normal,weak,1.25,0.19828502635281992
2.5,group_weekly,half_normal,weak,1.5,2.128488132697607e-15
2.5,group_weekly,half_normal,weak,1.75,3.728726200953968e-15
2.5,group_weekly,half_normal,weak,2.0,0.10938996620042651
2.5,group_weekly,half_normal,weak,2.25,0.15582487245981586
2.5,group_weekly,half_normal,weak,2.5,0.11418099797015384
2.5,group_weekly,half_normal,weak,2.75,0.0666417334799075
2.5,group_weekly,half_normal,weak,3.0,3.971007569764686e-17
2.5,group_weekly,half_normal,weak,3.25,0.06495610371451149
2.5,group_weekly,half_normal,weak,3.5,0.018825129310441117
2.5,group_weekly,half_normal,moderate,0.0,0.08662816448851106
2.5,group_weekly,half_normal,moderate,0.25,0.04538154968788887
2.5,group_weekly,half_normal,moderate,0.5,0.09766134962566338
2.5,group_weekly,half_normal,moderate,0.75,0.05348557069217689
2.5,group_weekly,half_normal,moderate,1.0,0.057756626214500985
2.5,group_weekly,half_normal,moderate,1.25,0.2125343008223508
2.5,group_weekly,half_normal,moderate,1.5,2.651782783847264e-15
2.5,group_weekly,half_normal,moderate,1.75,7.0676293836903096e-15
2.5,group_weekly,half_normal,moderate,2.0,0.11883533791600079
2.5,group_weekly,half_normal,moderate,2.25,0.1300587460692953
2.5,group_weekly,half_normal,moderate,2.5,0.09015181369891033
2.5,group_weekly,half_normal,moderate,2.75,0.05226904144976873
2.5,group_weekly,half_normal,moderate,3.0,2.997069296395293e-17
2.5,group_weekly,half_normal,moderate,3.25,0.048086832258622904
2.5,group_weekly,half_normal,moderate,3.5,0.007150667076300168
2.5,group_weekly,half_normal,strong,0.0,0.17118867278313354
2.5,group_weekly,half_normal,strong,0.25,0.09543397133919575
2.5,group_weekly,half_normal,strong,0.5,0.1546773179372726
2.5,group_weekly,half_normal,strong,0.75,0.08331424976296178
2.5,group_weekly,half_normal,strong,1.0,0.07891355834130548
2.5,group_weekly,half_normal,strong,1.25,0.19341092126919845
2.5,group_weekly,half_normal,strong,1.5,1.283672591293723e-14
2.5,group_weekly,half_normal,strong,1.75,6.294470651790015e-14
2.5,group_weekly,half_normal,strong,2.0,0.114581644621264
2.5,group_weekly,half_normal,strong,2.25,0.05389466728080199
2.5,group_weekly,half_normal,strong,2.5,0.018672754317986835
2.5,group_weekly,half_normal,strong,2.75,0.02112902968338853
2.5,group_weekly,half_normal,strong,3.0,5.797647362795511e-18
2.5,group_weekly,half_normal,strong,3.25,0.014706499700192381
2.5,group_weekly,half_normal,strong,3.5,7.671296322285485e-5
2.5,group_weekly,exponential,weak,0.0,0.08600275586359496
2.5,group_weekly,exponential,weak,0.25,0.039865268926626896
2.5,group_weekly,exponential,weak,0.5,0.0871864359593239
2.5,group_weekly,exponential,weak,0.75,0.04485517264396004
2.5,group_weekly,exponential,weak,1.0,0.048280248830873465
2.5,group_weekly,exponential,weak,1.25,0.19133949664206704
2.5,group_weekly,exponential,weak,1.5,1.967865453179146e-15
2.5,group_weekly,exponential,weak,1.75,3.8577122192039854e-15
2.5,group_weekly,exponential,weak,2.0,0.10486486583645645
2.5,group_weekly,exponential,weak,2.25,0.1436341358841601
2.5,group_weekly,exponential,weak,2.5,0.10804207105298892
2.5,group_weekly,exponential,weak,2.75,0.06344552828738967
2.5,group_weekly,exponential,weak,3.0,3.848624845665365e-17
2.5,group_weekly,exponential,weak,3.25,0.0638972189493643
2.5,group_weekly,exponential,weak,3.5,0.01858680112318842
2.5,group_weekly,exponential,moderate,0.0,0.15365215534921584
2.5,group_weekly,exponential,moderate,0.25,0.06661349609676162
2.5,group_weekly,exponential,moderate,0.5,0.10891758363726792
2.5,group_weekly,exponential,moderate,0.75,0.05535912587772219
2.5,group_weekly,exponential,moderate,1.0,0.05295929718009591
2.5,group_weekly,exponential,moderate,1.25,0.17169101360641972
2.5,group_weekly,exponential,moderate,1.5,2.228343813074359e-15
2.5,group_weekly,exponential,moderate,1.75,6.584723125780598e-15
2.5,group_weekly,exponential,moderate,2.0,0.09912460095552761
2.5,group_weekly,exponential,moderate,2.25,0.1043354522831674
2.5,group_weekly,exponential,moderate,2.5,0.07920778364792233
2.5,group_weekly,exponential,moderate,2.75,0.048358591115006976
2.5,group_weekly,exponential,moderate,3.0,3.026421296899338e-17
2.5,group_weekly,exponential,moderate,3.25,0.05035106457448557
2.5,group_weekly,exponential,moderate,3.5,0.009429835676398081
2.5,group_weekly,exponential,strong,0.0,0.28597021896346536
2.5,group_weekly,exponential,strong,0.25,0.1113120993766861
2.5,group_weekly,exponential,strong,0.5,0.12225869017562424
2.5,group_weekly,exponential,strong,0.75,0.05772280539535569
2.5,group_weekly,exponential,strong,1.0,0.051378999074893426
2.5,group_weekly,exponential,strong,1.25,0.1124575743375723
2.5,group_weekly,exponential,strong,1.5,3.609619856936434e-15
2.5,group_weekly,exponential,strong,1.75,1.3152427010237349e-14
2.5,group_weekly,exponential,strong,2.0,0.08551891747216886
2.5,group_weekly,exponential,strong,2.25,0.06051131695421578
2.5,group_weekly,exponential,strong,2.5,0.040071805912572436
2.5,group_weekly,exponential,strong,2.75,0.03308455161014973
2.5,group_weekly,exponential,strong,3.0,1.8067519154314356e-17
2.5,group_weekly,exponential,strong,3.25,0.03679642606791723
2.5,group_weekly,exponential,strong,3.5,0.0029165946593620188
2.5,group_weekly,spike_slab,weak,0.0,0.16937246766266364
2.5,group_weekly,spike_slab,weak,0.25,0.03295902304077996
2.5,group_weekly,spike_slab,weak,0.5,0.06748938760854621
2.5,group_weekly,spike_slab,weak,0.75,0.0391299438983072
2.5,group_weekly,spike_slab,weak,1.0,0.0482282892280119
2.5,group_weekly,spike_slab,weak,1.25,0.1704392130956277
2.5,group_weekly,spike_slab,weak,1.5,1.936758772723442e-15
2.5,group_weekly,spike_slab,weak,1.75,4.8256330867995e-15
2.5,group_weekly,spike_slab,weak,2.0,0.10630521654745448
2.5,group_weekly,spike_slab,weak,2.25,0.13451593564825046
2.5,group_weekly,spike_slab,weak,2.5,0.10158461551282232
2.5,group_weekly,spike_slab,weak,2.75,0.05976634448528359
2.5,group_weekly,spike_slab,weak,3.0,3.5701576517266407e-17
2.5,group_weekly,spike_slab,weak,3.25,0.0574010192013163
2.5,group_weekly,spike_slab,weak,3.5,0.012808544070929502
2.5,group_weekly,spike_slab,moderate,0.0,0.3111313805875973
2.5,group_weekly,spike_slab,moderate,0.25,0.02559985662732439
2.5,group_weekly,spike_slab,moderate,0.5,0.04245600878380174
2.5,group_weekly,spike_slab,moderate,0.75,0.028108799427453816
2.5,group_weekly,spike_slab,moderate,1.0,0.041587248601455226
2.5,group_weekly,spike_slab,moderate,1.25,0.11727346711449056
2.5,group_weekly,spike_slab,moderate,1.5,1.5859026892073998e-15
2.5,group_weekly,spike_slab,moderate,1.75,4.693729722891982e-15
2.5,group_weekly,spike_slab,moderate,2.0,0.09391926290969359
2.5,group_weekly,spike_slab,moderate,2.25,0.11615525544488366
2.5,group_weekly,spike_slab,moderate,2.5,0.09539127265672247
2.5,group_weekly,spike_slab,moderate,2.75,0.05834016018528364
2.5,group_weekly,spike_slab,moderate,3.0,3.519897791676114e-17
2.5,group_weekly,spike_slab,moderate,3.25,0.05730156759990395
2.5,group_weekly,spike_slab,moderate,3.5,0.012735720061383399
2.5,group_weekly,spike_slab,strong,0.0,0.45959153302464345
2.5,group_weekly,spike_slab,strong,0.25,0.01802431781256689
2.5,group_weekly,spike_slab,strong,0.5,0.02211818508667115
2.5,group_weekly,spike_slab,strong,0.75,0.017637863439724358
2.5,group_weekly,spike_slab,strong,1.0,0.032551124199668505
2.5,group_weekly,spike_slab,strong,1.25,0.06595431131210847
2.5,group_weekly,spike_slab,strong,1.5,1.3197478894395681e-15
2.5,group_weekly,spike_slab,strong,1.75,4.560602456378223e-15
2.5,group_weekly,spike_slab,strong,2.0,0.07969709034483415
2.5,group_weekly,spike_slab,strong,2.25,0.09419032727268471
2.5,group_weekly,spike_slab,strong,2.5,0.08470000785327973
2.5,group_weekly,spike_slab,strong,2.75,0.05589295922748553
2.5,group_weekly,spike_slab,strong,3.0,3.463929566261237e-17
2.5,group_weekly,spike_slab,strong,3.25,0.05705767126055044
2.5,group_weekly,spike_slab,strong,3.5,0.012584609165776714
